id,group,date,outlet,headline,key_quote,speaker,key_number,url,hero_file,detail_file,full_file,paywalled,notes
01,hype,2022-09-22,ADDX (BCG x ADDX report),"BCG, ADDX report: Asset tokenization to grow 50x into US$16 trillion opportunity by 2030",will grow 50 times to US$16.1 trillion in 2030,,US$16.1 trillion by 2030 (50x; 10% of global GDP),https://addx.co/insights/bcg-addx-report-asset-tokenization-to-grow-50x-into-us-16-trillion-opportunity-by-2030/,01_addx_hero.png,01_addx_detail.png,01_addx_full.png,n,"Primary source (ADDX insights page, co-author of report). Ledger Insights backup not captured. BCG report page itself not captured."
02,hype,2022-12-01,Decrypt,BlackRock CEO Says ‘Next Generation for Markets’ Is Tokenization,"the next generation for securities, will be tokenization of securities.","Larry Fink (BlackRock CEO), as quoted by Decrypt",,https://decrypt.co/116145/blackrock-ceo-says-next-generationmarkets-is-tokenization,02_decrypt_hero.png,02_decrypt_detail.png,02_decrypt_full.png,n,"By Will McCurdy. Fink speaking at NYT DealBook Summit (Nov 30 2022). Standfirst: 'BlackRock joins a growing number of firms backing the tokenization of securities, despite the CEO’s wider crypto cynicism.' Sidebar prediction-market widget (Base TGE) could not be removed; ads hidden."
03,hype,2023-03-30,Citi GPS (Citigroup),"Money, Tokens, and Games",reach up to almost $4 trillion in value by 2030.,,"up to almost $4 trillion tokenized (private markets, 80x) by 2030; up to $5 trillion of CBDCs by 2030",https://www.citigroup.com/global/insights/citigps/money-tokens-and-games,03_citi_hero.png,03_citi_detail.png,03_citi_full.png,n,Subhead: 'Blockchain's Next Billion Users and Trillions in Value'. NOTE: the landing page says 'up to almost $4 trillion' (80x in private markets); the $4–5 trillion tokenized-securities figure is from the full PDF report and was not verified on this page. The $5 trillion on the page refers to CBDCs. Cookie banner rejected.
04,hype,2024-01-12,CNBC,BlackRock’s Larry Fink says bitcoin ETFs are just the first step in the technological revolution of finance,“Step two is going to be the tokenization of every financial asset.”,"Larry Fink, BlackRock CEO (CNBC Squawk Box)",,https://www.cnbc.com/2024/01/12/blackrocks-larry-fink-says-bitcoin-etfs-are-just-the-first-step-in-the-technological-revolution-of-finance.html,04_cnbc_hero.png,04_cnbc_detail.png,04_cnbc_full.png,n,By Tanaya Macheel (CNBC Crypto World). Also: 'We have the technology to tokenize today.' Embedded video on page: 'BlackRock CEO Larry Fink: Bitcoin ETF approvals are ‘stepping stones’ towards tokenization' (07:13). Empty ad slot collapsed; newsletter bar hidden.
05,hype,2024-03-20,Business Wire (BlackRock / Securitize press release),"BlackRock Launches Its First Tokenized Fund, BUIDL, on the Ethereum Network",Tokenization of securities could fundamentally transform capital markets.,"Carlos Domingo, Securitize co-founder and CEO",$5 million initial investment minimum; $1 per token,https://www.businesswire.com/news/home/20240320771318/en/BlackRock-Launches-Its-First-Tokenized-Fund-BUIDL-on-the-Ethereum-Network,05_businesswire_hero.png,05_businesswire_detail.png,05_businesswire_full.png,n,"Official release. Timestamp on page: Mar 20, 2024 6:27 PM EDT."
06,hype,2024-06-20,McKinsey & Company,From ripples to waves: The transformational power of tokenizing assets,total tokenized market capitalization could reach around $2 trillion by 2030,,~$2 trillion by 2030 (bull case ~$4 trillion),https://www.mckinsey.com/industries/financial-services/our-insights/from-ripples-to-waves-the-transformational-power-of-tokenizing-assets,06_mckinsey_hero.png,06_mckinsey_detail.png,06_mckinsey_full.png,n,"Authors: Anutosh Banerjee, Julian Sevillano, Matt Higginson (with Donat Rigo, Garry Spanz). Dual-use: same paragraph says McKinsey is 'less optimistic than previously published estimates' and the article says 'broad adoption of tokenization is still far away' – usable as a pivot into the reality act. Full-page capture covers the article top through the intro (article is very long). Chat bubble hidden."
07,hype,2024-06-27,Standard Chartered (press release),Trade finance to play substantial role in USD 30.1 trillion tokenised real-world assets market by 2034,demand for overall tokenised assets could reach USD 30.1 trillion by 2034,,"USD 30.1 trillion by 2034 (vs ~USD 5 billion tokenised assets ex-stablecoins in early 2024, same release)",https://www.sc.com/en/press-release/trade-finance-to-play-substantial-role-in-usd-30-1-trillion-tokenised-real-world-assets-market-by-2034/,07_standardchartered_hero.png,07_standardchartered_detail.png,07_standardchartered_full.png,n,Paper with Synpulse: 'Real-World Asset Tokenisation: A Game Changer for Global Trade'. Same release: supply side 'still in its infancy' with tokenised assets 'at around USD 5 billion in early 2024' – built-in hype-vs-reality contrast. Kai Fehr (Global Head of Trade) calls it a 'trillion-dollar opportunity'. Cookie banner rejected.
08,reality,2024-10-22,Financial Stability Board (report to the G20),The Financial Stability Implications of Tokenisation,its adoption is very low but appears to be growing,,,https://www.fsb.org/2024/10/the-financial-stability-implications-of-tokenisation/,08_fsb_hero.png,08_fsb_detail.png,08_fsb_full.png,n,"Official report landing page. Full sentence: 'The limited publicly available data on tokenisation suggest that its adoption is very low but appears to be growing.' Also: 'Owing to its small scale, tokenisation does not, therefore, currently pose a material risk to financial stability.' Short page; full-page capture includes footer."
09,hype,2024-11-06,J.P. Morgan (official),Introducing Kinexys by J.P. Morgan,the platform has exceeded $1.5 trillion in notional value,,$1.5+ trillion notional since inception; $2+ billion daily,https://www.jpmorgan.com/insights/payments/blockchain-digital-assets/introducing-kinexys,09_jpmorgan_hero.png,09_jpmorgan_detail.png,09_jpmorgan_full.png,n,Onyx rebranded to Kinexys; announced by Umar Farooq at Singapore Fintech Festival. Standfirst: 'We’re poised to accelerate the adoption of blockchain technology and tokenization into mainstream financial services.' Cookie banner rejected. Full-page capture covers top through 'Platform momentum' stats (page is long); sticky left column un-stuck for capture.
10,reality,2024-12-27,Bloomberg (via Yahoo Finance syndication),Tokenization Has Become Wall Street’s Latest Favorite Crypto Buzzword,Just 0.003% of the total value of the world's assets has been tokenized,,"0.003% of world assets tokenized; ~67,530 holders of non-stablecoin tokenized assets (rwa.xyz)",https://finance.yahoo.com/news/tokenization-become-wall-street-latest-130000822.html,10_bloomberg_hero.png,10_bloomberg_detail.png,10_bloomberg_full.png,n,"By Olga Kharif and Yizhu Wang (Bloomberg). Captured from the free Yahoo Finance syndication; original (paywalled) Bloomberg URL: https://www.bloomberg.com/news/articles/2024-12-27/tokenization-has-become-wall-street-s-latest-favorite-crypto-buzzword . Same sentence continues: 'many companies behind the projects are on the brink of going out of business, researcher Opimas says.' Includes Bloomberg chart 'Total Value of Tokenized Real-World Assets'. Full-page capture covers the first half of the article."
11,hype,2025-03-31,BlackRock (Larry Fink 2025 Annual Chairman’s Letter),Larry Fink’s 2025 Annual Chairman’s Letter to Investors,"Every stock, every bond, every fund—every asset—can be tokenized.","Larry Fink, Chairman & CEO, BlackRock",,https://www.blackrock.com/corporate/investor-relations/2025-larry-fink-annual-chairmans-letter,11_blackrock_hero.png,11_blackrock_detail.png,11_blackrock_full.png,n,"Section 'Tokenization is democratization'. Pull-quote continues: 'If they are, it will revolutionize investing.' Same section: tokenized funds will become as familiar as ETFs 'provided we crack one critical problem: identity verification.' Site terms pop-up accepted with user approval; cookies rejected. Full-page capture = the tokenization section only (letter is ~35,000px long). Date: letter released 31 Mar 2025 per press coverage; no date is printed on the page itself."
12,hype,2025-04-12,CNBC,"Tokenization of the market, from stocks to bonds to real estate is coming, says BlackRock CEO Larry Fink, if we can solve one problem","“Every asset — can be tokenized,” Fink wrote",Larry Fink (quoted from 2025 annual letter),,https://www.cnbc.com/2025/04/12/tokenization-stock-bond-real-estate-trading-market-coming-blackrock.html,12_cnbc_hero.png,12_cnbc_detail.png,12_cnbc_full.png,n,By Cheryl Winokur Munk (Cyber Report). THE 'ONE PROBLEM' (verbatim): 'the lack of a coordinated digital identity verification system.' Also: at Davos Fink told CNBC he wanted the SEC 'to rapidly expand the tokenization of stocks and bonds.' Full-page capture ends mid-article at the 'Fink has been pushing the SEC' section (remaining text is follow-on commentary).
13,hype,2025-04-24,CoinDesk,"Global Tokenized Real Estate Market Could Explode to $4T by 2035, Deloitte Forecasts",The market of tokenized real estate could reach $4 trillion by 2035,,$4 trillion by 2035; 27% CAGR from under $300 billion,https://www.coindesk.com/markets/2025/04/24/global-tokenized-real-estate-market-could-explode-to-usd4t-by-2035-deloitte-forecasts,13_coindesk_hero.png,13_coindesk_detail.png,13_coindesk_full.png,n,"By Krisztian Sandor, edited by Cheyenne Ligon. Published Apr 24 2025, updated Apr 25. Includes Deloitte chart 'Global tokenized real estate value is expected to hit US$4 trillion by 2035' (great animated-bar visual). Sidebar video player partially visible in one frame. Pairs with Forbes 2026 '<0.1%' line."
14,hype,2025-05-25,Dubai Land Department (official news),DLD launches the MENA’s first tokenized real estate project through the ‘Prypco Mint’ platform,up to 7% of Dubai’s real estate market by 2033,,"up to 7% of Dubai real estate by 2033 = AED 60 billion (USD 16 billion); entry from AED 2,000",https://dubailand.gov.ae/en/news-media/dld-launches-the-mena-s-first-tokenized-real-estate-project-through-the-prypco-mint-platform,14_dubailanddept_hero.png,14_dubailanddept_detail.png,14_dubailanddept_full.png,n,"Official government release; the article title is set small on the page (captured at 125% zoom). Partners: Prypco, VARA, Central Bank of the UAE, Dubai Future Foundation; Zand Digital Bank as banking partner. Pilot, UAE ID holders only, AED only."
15,hype,2025-06-26,CoinDesk,Real-World Asset Tokenization Market Has Grown Almost Fivefold in 3 Years,"has grown by 380% in just three years, reaching $24 billion this month",,$24 billion; +380% in 3 years,https://www.coindesk.com/business/2025/06/26/real-world-asset-tokenization-market-has-grown-almost-fivefold-in-3-years,15_coindesk_hero.png,15_coindesk_detail.png,15_coindesk_full.png,n,"By Jamie Crawley, edited by Sheldon Reback. The on-page H1 is as shown; the SEO/browser title reads 'RWA Tokenization Market Has Grown Almost Fivefold to $24B in 3 Years'. Useful contrast line in same article: projections 'vary wildly' – McKinsey $2T, BCG $16T by 2030, StanChart $30T by 2034. Top banner ad removed; a sidebar video player remains in one full-page frame."
16,reality,2025-07-02,Outlier Media (Detroit),"Detroit sues crypto landlord RealT over blight, tenant harm",“This is not innovation. This is exploitation.”,"Angela Whitfield Calloway, Detroit City Councilmember","~$93 million raised; 600+ properties; 408 properties in suit, none with certificates of compliance",https://outliermedia.org/realt-lawsuit-detroit-sues-crypto-landlord/,16_outliermedia_hero.png,16_outliermedia_detail.png,16_outliermedia_full.png,n,"By Aaron Mondry. Standfirst: 'Lawsuit follows Outlier Media’s investigation into the company’s failure to maintain properties, pay taxes and fines'. RealT = tokenized (fractional, crypto) real-estate platform. Corporation Counsel Conrad Mallett: 'The game is now over.' Captured at 100% zoom (layout overflowed at 115%). Final full-page frame shows related RealT headlines incl. 'The model no longer works'. Donation box visible at article end."
17,hype,2025-12-03,Fox Business,Atkins predicts US financial system may shift to tokenization within a 'couple of years’,"""The next step is coming with digital assets and digitization, tokenization of the market,""","Paul Atkins, SEC Chairman (to Maria Bartiromo, Mornings with Maria)",'a couple of years',https://www.foxbusiness.com/media/atkins-predicts-us-financial-system-may-shift-tokenization-within-couple-years,17_foxbusiness_hero.png,17_foxbusiness_detail.png,17_foxbusiness_full.png,n,"By Taylor Penley. Standfirst: 'Paul Atkins says on-chain settlement could reduce risk by eliminating traditional trade gaps'. Also quotes Atkins: ""maybe a couple of years from now."" Captured at 100% zoom (headline overflowed at 115%). Third-party display ads (Revolve / sponsored content) could not be removed from the full-page frames. Embedded video on page = on-camera source for the quote."
18,reality,2026-03-17,Outlier Media (Detroit),‘The model no longer works:’ Crypto landlord’s Detroit enterprise is crumbling,"“The model no longer works,” the email said.","RealT email to investors (Feb 2026), as reported",300+ Detroit properties at risk of tax foreclosure; weekly payouts suspended,https://outliermedia.org/realt-crypto-real-estate-detroit-landlord-property-management/,18_outliermedia_hero.png,18_outliermedia_detail.png,18_outliermedia_full.png,n,By Aaron Mondry. Standfirst: 'RealT can’t pay its bills. Tenants and investors could be left holding the bag'. Also republished by Michigan Public on 2026-03-20. Second detail (detail2): 'investors holding tokens worth a fraction of their original value.' Full-page capture covers the first ~third of a long article. Extra detail frame: 18_outliermedia_detail2.png.
19,reality,2026-05-26,Forbes,Why Tokenized Real Estate Still Hasn’t Taken Off,far less than 0.1% of the roughly $300 trillion global property market,,<0.1% of ~$300 trillion global property; tokenized RWA ~$31 billion,https://www.forbes.com/sites/digital-assets/2026/05/26/why-tokenized-real-estate-still-hasnt-taken-off/,19_forbes_hero.png,19_forbes_detail.png,19_forbes_full.png,n,"By Sean Lee (Forbes 'Former Contributor' – contributor piece, not staff). Published May 26 2026 8:00pm EDT, updated May 30 2026. Membership-offer pop-up closed via 'No Thanks'. Other strong lines: 'In practice, that vision remains largely unrealized.' / 'The gap between promise and reality is difficult to ignore.' / closing: 'For now, technology is no longer the limiting factor. The infrastructure is.' Sidebar video-ad placeholder visible in hero."
20,reality,2026-07-02,IMF Blog,Tokenization Can Change The World's Financial Architecture,"Without clarity, tokenization will remain fragmented and peripheral.",Tobias Adrian (IMF),,https://www.imf.org/en/blogs/articles/2026/07/02/tokenization-can-change-the-worlds-financial-architecture,20_imf_hero.png,20_imf_detail.png,20_imf_full.png,n,"By Tobias Adrian. Standfirst: 'Policy choices will determine whether tokenized finance strengthens or fragments the financial system'. The IMF Blog logo sits above a full-width photo, so the hero frame shows headline/standfirst/byline/date without the logo; logo appears at the top of the full-page capture. Full-page covers the top of the article only."
