id,date,speaker,title/role,outlet_or_event,video_url,start_timestamp,end_timestamp,verbatim_quote,uses_word_tokenization,official_channel,notes
V01,2024-01-12,Larry Fink,"Chairman & CEO, BlackRock",CNBC Squawk Box (CNBC Television),https://www.youtube.com/watch?v=se1bcqMYg8g,04:10,04:19,ETFs are step one in the technology revolution in the financial markets. Step two is the token digitalization of the assets.,y (garbled in captions),y,"CNBC print version (press item 04) renders it as ""Step two is going to be the tokenization of every financial asset"" — listen to confirm. Alt clip 06:51–06:54: ""We have the technology to tokenize today."" Quote = YouTube caption text (auto/closed captions): confirm wording by ear before on-screen use."
V02,2024-01-12,Larry Fink,"Chairman & CEO, BlackRock",Bloomberg Television,https://www.youtube.com/watch?v=HTveRlW7QPo,02:40,02:50,"We believe the next step going forward will be the tokenization of financial assets and that means every stock, every bond will have its own…",y,y,Date per research pass (same day as CNBC interview). Quote = YouTube caption text (auto/closed captions): confirm wording by ear before on-screen use.
V03,2025-10-14,Larry Fink,"Chairman & CEO, BlackRock",CNBC Television,https://www.youtube.com/watch?v=-LPit2bEWAo,01:42,01:52,"I do believe we're just at the beginning of the tokenization of all assets, from real estate to equities. To bonds across the board.",y,y,"Top pick: short, mentions real estate. Publish date read from YouTube. Quote = YouTube caption text (auto/closed captions): confirm wording by ear before on-screen use."
V04,2025-12-03,Paul Atkins,"Chairman, U.S. SEC","Fox Business, Mornings with Maria",https://www.foxbusiness.com/video/6385902155112,TO VERIFY,TO VERIFY,"The next step is coming with digital assets and digitization, tokenization of the market",y,y,"Quote verbatim from Fox Business article (press item 17); video page not opened, timestamp not yet located."
V05,2025-10-02,Vlad Tenev,"CEO, Robinhood",CNBC International Live (Token2049 Singapore),https://www.youtube.com/watch?v=nb4xxusbnOU,00:46,00:56,tokenization is a freight train. It can't be stopped and I think eventually it'll eat the whole global financial system,y,y,Strong supercut line (~8 s). Publish date read from YouTube. Quote = YouTube caption text (auto/closed captions): confirm wording by ear before on-screen use.
V06,2026-08-19,Vlad Tenev,"CEO, Robinhood",CNBC Television,https://www.youtube.com/watch?v=SYYccbE0zC8,02:14,02:26,So tokenization. We're at the beginning of a supercycle and it's going to take over the entire financial system.,y,y,Publish date read from YouTube. Quote = YouTube caption text (auto/closed captions): confirm wording by ear before on-screen use.
V07,2024-12-18,Mathew McDermott,"Global Head of Digital Assets, Goldman Sachs",CNBC Television,https://www.youtube.com/watch?v=fkDaIhI8zK8,07:59,08:07,scale the tokenization initiatives … that we've talked about,y,y,Weak/rambling; not recommended for supercut. YouTube publish date 2024-12-18 (research list said 12-13). Quote = YouTube caption text (auto/closed captions): confirm wording by ear before on-screen use.
V08,2025-12-16,Carlos Domingo,"CEO, Securitize",CNBC Television,https://www.youtube.com/watch?v=rC6nGkRm_yo,01:47,01:56,"if you think about what tokenization is, it's essentially upgrading the ledger where capital markets run",y,y,"Also 03:09–03:22 on the most liquid assets / ""the largest asset today tokenized actually the dollar"". Quote = YouTube caption text (auto/closed captions): confirm wording by ear before on-screen use."
V09,2025-05-30,Hester Peirce,"Commissioner, U.S. SEC",CNBC Television (YouTube Short),https://www.youtube.com/shorts/1_ZSp8zG4R4,00:15,00:25,"I'm a regulator, not a not an entrepreneur. So, we'll see how these things play out.",n,y,"Does NOT say ""tokenization"" (title does). Useful as a cautious/crash-act beat. Quote = YouTube caption text (auto/closed captions): confirm wording by ear before on-screen use."
V10,2026-01-21,Karen Tso (moderator),"Anchor, CNBC Squawk Box Europe","World Economic Forum Annual Meeting 2026, ""Is Tokenization the Future?""",https://www.youtube.com/watch?v=CBW7Sl9PmDI,02:09,02:32,"I left the conference convinced that just about every physical asset would be tokenized… Pretty much any piece of real estate was up for some sort of fractional ownership. But talk went quiet, superseded by AI fever.",y,y,"PERFECT hype→crash bridge for real estate. Moderator named in captions as ""Karen … anchor of Squawkbox Europe on CNBC"" — confirm spelling. YouTube upload date 2026-01-21. Quote = YouTube caption text (auto/closed captions): confirm wording by ear before on-screen use."
V11,2026-01-21,Brian Armstrong,"Co-founder & CEO, Coinbase",WEF Annual Meeting 2026 panel,https://www.youtube.com/watch?v=CBW7Sl9PmDI,12:22,12:31,"When we speak with funds like at BlackRock and Apollo, they've said, you know, they want to tokenize every single fund that they have",y,y,Speaker attribution inferred from context (Coinbase product mention right after) — confirm on video. Quote = YouTube caption text (auto/closed captions): confirm wording by ear before on-screen use.
V12,2026-01-21,"Panelist (likely Brad Garlinghouse, Ripple — confirm)",WEF panelist,WEF Annual Meeting 2026 panel,https://www.youtube.com/watch?v=CBW7Sl9PmDI,21:56,22:20,if this is just hype … we shouldn't tokenize everything just to tokenize something … otherwise it's just like okay it's nice science experiment,y,y,Crash-act line. Speaker NOT confirmed — check on video. Quote = YouTube caption text (auto/closed captions): confirm wording by ear before on-screen use.
V13,2026-01-21,"Governor, Banque de France (panelist)",Central bank governor,WEF Annual Meeting 2026 panel,https://www.youtube.com/watch?v=CBW7Sl9PmDI,03:53,04:03,tokenization and stable coins might be the name of the game really this year,y,y,"Name not captured from video (moderator addresses him as ""Governor""; France holds G7 presidency) — confirm identity. Quote = YouTube caption text (auto/closed captions): confirm wording by ear before on-screen use."
V14,2022-11-30,Larry Fink,"Chairman & CEO, BlackRock",NYT DealBook Summit 2022 (third-party re-upload),https://www.youtube.com/watch?v=D0ek2yv81Gk,TO VERIFY,TO VERIFY,"the next generation for markets, the next generation for securities, will be tokenization of securities",y,n,NOT official channel. Quote verbatim as reported by Decrypt (press item 02). Source NYT DealBook official footage/licence before use.
V15,unconfirmed,Rob Goldstein,"COO, BlackRock","BlackRock ""The Bid"" podcast",https://www.youtube.com/watch?v=jTiWpAkTyz0,TO VERIFY,TO VERIFY,,y (title),y,Transcript not yet checked.
V16,unconfirmed,Carlos Domingo,"CEO, Securitize",New York Stock Exchange channel,https://www.youtube.com/watch?v=9dqwKhhOuUE,TO VERIFY,TO VERIFY,,y (title),y,Transcript not yet checked.
V17,unconfirmed,Jenny Johnson,"CEO, Franklin Templeton",AIBC World (event channel),https://www.youtube.com/watch?v=nOBzC88hlGo,TO VERIFY,TO VERIFY,,"y (title, ""Tokenisation"")",n,Not an official company channel. Transcript not yet checked.
